№,Аркуш,Дата (години прийому),Дата прийому,"Тривалість прийому, год",Зайшов,Не зайшов,Не з'явився,Відклав візит,Всього,% (Зайшли / записались),Перший номер що зайшов,Останній номер що зайшов,"Просування ID за день, +ID","Просування ID за тиждень (Пн-Пт), +ID"
1,23.01.2026,22.01.2026 (09:00 - 14:00),22.01.2026,5,13,11,5,0,29,"44,83%",4646,5364,64,
2,22.01.2026,21.01.2026 (09:00 - 14:00),21.01.2026,5,13,17,2,1,33,"39,39%",4303,5300,32,
3,21.01.2026,20.01.2026 (09:00 - 14:00),20.01.2026,5,10,12,2,1,25,"40,00%",4536,4940,0,
4,20.01.2026,19.01.2026 (09:00 - 14:00),19.01.2026,5,16,6,4,3,29,"55,17%",4475,4956,0,
5,19.01.2026,"16.01.2026 (09:00 - 14:00, мобілізація)",16.01.2026,5,9,8,6,0,23,"39,13%",4523,5117,0,196
6,16.01.2026,15.01.2026 (09:00 - 14:00),15.01.2026,5,13,9,11,2,35,"37,14%",4236,5081,0,
7,15.01.2026,14.01.2026 (09:00 - 14:00),14.01.2026,5,17,8,10,1,36,"47,22%",4200,5125,0,
8,14.01.2026,13.01.2026 (09:00 - 14:00),13.01.2026,5,16,10,4,2,32,"50,00%",4235,5268,193,
9,13.01.2026,12.01.2026 (09:00 - 14:00),12.01.2026,5,14,14,4,0,32,"43,75%",3867,5075,3,
10,12.01.2026,09.01.2026 (вихідний),09.01.2026,,,,,,,,5001,5001,0,119
11,09.01.2026,08.01.2026 (09:00 - 14:00),08.01.2026,5,19,13,12,3,47,"40,43%",4264,5001,0,
12,08.01.2026,07.01.2026 (09:00 - 14:00),07.01.2026,5,14,10,19,1,44,"31,82%",4121,5072,119,
13,07.01.2026,06.01.2026 (09:00 - 14:00),06.01.2026,5,13,28,3,0,44,"29,55%",4425,4802,0,
14,06.01.2026,05.01.2026 (09:00 - 14:00),05.01.2026,5,14,31,2,4,51,"27,45%",4525,4866,0,
15,05.01.2026,02.01.2026 (09:00 - 14:00),02.01.2026,5,16,32,9,3,60,"26,67%",4654,4953,57,161
16,02.01.2026,01.01.2026 (10:00 - 14:00),01.01.2026,4,20,45,1,1,67,"29,85%",4856,4856,0,
17,01.01.2026,31.12.2025 (9:00 - 14:00),31.12.2025,5,15,48,4,3,70,"21,43%",4379,4891,0,
18,31.12.2025,30.12.2025 (9:00 - 14:00),30.12.2025,5,15,43,13,3,74,"20,27%",4431,4896,104,
19,30.12.2025,29.12.2025 (9:00 - 14:00),29.12.2025,5,15,62,3,5,85,"17,65%",4267,4761,0,
20,29.12.2025,26.12.2025 (мобілізація),26.12.2025,,,,,,,,4792,4792,0,158
21,26.12.2025,25.12.2025 (9:00 - 14:00),25.12.2025,5,19,59,9,2,89,"21,35%",4259,4792,39,
22,25.12.2025,23.12.2025 (9:00 - 14:00),23.12.2025,5,14,74,8,0,96,"14,58%",4266,4753,119,
23,24.12.2025,23.12.2025 (9:00 - 14:00),23.12.2025,5,14,77,2,0,93,"15,05%",3881,4489,0,
24,23.12.2025,22.12.2025 (9:00 - 14:00),22.12.2025,5,15,76,10,5,106,"14,15%",4108,4620,0,
25,22.12.2025,19.12.2025 (9:00 - 14:00),19.12.2025,5,17,85,12,5,119,"14,29%",4191,4634,119,279
26,19.12.2025,18.12.2025 (10:30 - 14:00),18.12.2025,"3,5",12,105,4,3,124,"9,68%",4268,4515,14,
27,18.12.2025,17.12.2025 (9:00 - 14:00),17.12.2025,5,12,106,7,1,126,"9,52%",4052,4501,96,
28,17.12.2025,16.12.2025 (9:00 - 14:00),16.12.2025,5,14,117,3,6,140,"10,00%",4087,4405,50,
29,16.12.2025,15.12.2025 (вихідний),15.12.2025,,,,,,,,4355,4355,0,
30,15.12.2025,12.12.2025 (9:00 - 14:00),12.12.2025,5,6,134,2,3,145,"4,14%",3969,4355,15,70
31,12.12.2025,11.12.2025 (9:00 - 14:00),11.12.2025,5,10,132,8,3,153,"6,54%",4079,4336,0,
32,11.12.2025,10.12.2025 (9:00 - 14:00),10.12.2025,5,16,132,18,6,172,"9,30%",3951,4340,55,
33,10.12.2025,09.12.2025 (9:00 - 14:00),09.12.2025,5,10,153,12,6,181,"5,52%",3962,4261,0,
34,09.12.2025,08.12.2025 (9:00 - 14:00),08.12.2025,5,0,173,0,9,182,"0,00%",4285,4285,0,
35,08.12.2025,05.12.2025 (9:00 - 14:00),05.12.2025,5,9,143,23,8,183,"4,92%",3805,4285,89,117
36,05.12.2025,04.12.2025 (9:00 - 14:00),04.12.2025,5,9,161,8,3,181,"4,97%",3707,4196,28,
37,04.12.2025,03.12.2025 (9:00 - 14:00),03.12.2025,5,4,177,2,7,190,"2,11%",3993,4096,0,
38,03.12.2025,02.12.2025 (Мобілізація),02.12.2025,,,,,,,,4118,4118,0,
39,02.12.2025,01.12.2025 (9:00 - 14:00),01.12.2025,5,6,158,2,5,171,"3,51%",3560,4118,0,
40,01.12.2025,28.11.2025 (9:00 - 14:00),28.11.2025,5,12,147,6,7,172,"6,98%",3995,4168,16,46
41,28.11.2025,27.11.2025 (9:00 - 14:00),27.11.2025,5,5,151,1,10,167,"2,99%",4000,4088,0,
42,27.11.2025,26.11.2025 (9:00 - 14:00),26.11.2025,5,7,144,0,7,158,"4,43%",3800,4004,0,
43,26.11.2025,25.11.2025 (Вихідний),25.11.2025,,,,,,,,4152,4152,0,
44,25.11.2025,24.11.2025 (9:00 - 14:00),24.11.2025,5,17,116,7,1,141,"12,06%",1911,4152,30,
45,24.11.2025,21.11.2025 (8:30 - 14:00),21.11.2025,"5,5",6,126,8,7,147,"4,08%",3916,4122,25,38
46,21.11.2025,20.11.2025 (8:30 - 14:00),20.11.2025,"5,5",3,133,3,14,153,"1,96%",3998,4031,0,
47,20.11.2025,19.11.2025 (8:30 - 14:00),19.11.2025,"5,5",3,135,0,7,145,"2,07%",3703,3755,0,
48,19.11.2025,18.11.2025 (8:30 - 14:00),18.11.2025,"5,5",16,113,6,14,149,"10,74%",3864,4097,13,
49,18.11.2025,17.11.2025 (8:30 - 14:00),17.11.2025,"5,5",3,121,0,9,133,"2,26%",3610,3828,0,
50,17.11.2025,14.11.2025 (15:00 - 17:30),14.11.2025,"2,5",10,104,8,6,128,"7,81%",3812,4084,71,71
51,14.11.2025,13.11.2025 (10:00 - 14:00),13.11.2025,4,4,117,0,11,132,"3,03%",3874,3931,0,
52,13.11.2025,12.11.2025 (15:00 - 17:30),12.11.2025,"2,5",4,116,0,8,128,"3,13%",3842,3913,0,
53,12.11.2025,11.11.2025 (10:00 - 14:00),11.11.2025,4,10,110,0,8,128,"7,81%",3662,3908,0,
54,11.11.2025,10.11.2025 (15:00 - 17:30),10.11.2025,"2,5",6,107,0,6,119,"5,04%",3467,3831,0,
55,10.11.2025,07.11.2025 (8:30 - 14:00),07.11.2025,"5,5",5,94,2,12,113,"4,42%",3676,3868,0,142
56,07.11.2025,06.11.2025 (8:30 - 14:00),06.11.2025,"5,5",7,101,0,12,120,"5,83%",3154,3785,0,
57,06.11.2025,05.11.2025 (8:30 - 14:00),05.11.2025,"5,5",9,93,0,12,114,"7,89%",3658,3847,0,
58,05.11.2025,04.11.2025 (8:30 - 14:00),04.11.2025,"5,5",15,75,19,5,114,"13,16%",3693,4013,39,
59,04.11.2025,03.11.2025 (8:30 - 14:00),03.11.2025,"5,5",14,73,16,7,110,"12,73%",3566,3974,103,
60,03.11.2025,31.10.2025 (15:00 - 17:30),31.10.2025,"2,5",8,80,17,5,110,"7,27%",3332,3871,1,110
61,31.10.2025,30.10.2025 (10:00 - 14:00),30.10.2025,4,13,81,16,2,112,"11,61%",3583,3870,57,
62,30.10.2025,29.10.2025 (15:00 - 17:30),29.10.2025,"2,5",7,94,4,6,111,"6,31%",3530,3763,0,
63,29.10.2025,28.10.2025 (10:00 - 14:00),28.10.2025,4,8,89,17,9,123,"6,50%",3237,3813,52,
64,28.10.2025,27.10.2025 (13:00 - 15:30),27.10.2025,"2,5",6,103,3,11,123,"4,88%",3548,3712,0,
65,27.10.2025,24.10.2025 (08:30 - 14:00),24.10.2025,"5,5",7,95,23,8,133,"5,26%",3311,3761,56,156
66,24.10.2025,23.10.2025 (08:30 - 14:00),23.10.2025,"5,5",13,97,18,6,134,"9,70%",3619,3705,54,
67,23.10.2025,22.10.2025 (08:30 - 14:00),22.10.2025,"5,5",7,111,7,11,136,"5,15%",3526,3651,46,
68,22.10.2025,21.10.2025 (08:30 - 14:00),21.10.2025,"5,5",9,114,1,7,131,"6,87%",3241,3573,0,
69,21.10.2025,20.10.2025 (08:30 - 14:00),20.10.2025,"5,5",6,112,0,15,133,"4,51%",3428,3518,0,
70,20.10.2025,17.10.2025 (15:00 - 17:30),17.10.2025,"2,5",5,101,0,8,114,"4,39%",3300,3535,0,0
71,17.10.2025,16.10.2025 (10:00 - 14:00),16.10.2025,4,9,100,0,10,119,"7,56%",3304,3527,0,
72,16.10.2025,15.10.2025 (15:00 - 17:30),15.10.2025,"2,5",0,101,0,2,103,"0,00%",3580,3580,0,
73,15.10.2025,14.10.2025 (Вихідний),14.10.2025,,,,,,,,3580,3580,0,
74,14.10.2025,13.10.2025 (15:00 - 17:30),13.10.2025,"2,5",7,78,4,7,96,"7,29%",3229,3580,0,
75,13.10.2025,10.10.2025 (08:30 - 14:00),10.10.2025,"5,5",0,88,0,1,89,"0,00%",3605,3605,0,147
76,10.10.2025,09.10.2025 (08:30 - 14:00),09.10.2025,"5,5",12,43,31,5,91,"13,19%",3177,3605,72,
77,09.10.2025,08.10.2025 (08:30 - 14:00),08.10.2025,"5,5",7,82,1,6,96,"7,29%",3350,3476,0,
78,08.10.2025,07.10.2025 (10:00 - 14:00),07.10.2025,4,5,66,6,8,85,"5,88%",3360,3498,0,
79,07.10.2025,06.10.2025 (08:30 - 14:00),06.10.2025,"5,5",13,54,20,5,92,"14,13%",3209,3533,75,
80,06.10.2025,03.10.2025 (15:00 - 17:30),03.10.2025,"2,5",5,79,0,6,90,"5,56%",2961,3358,0,0
81,03.10.2025,02.10.2025 (10:00 - 14:00),02.10.2025,4,9,75,3,7,94,"9,57%",2814,3446,0,
82,02.10.2025,01.10.2025 (15:00 - 17:30),01.10.2025,"2,5",7,75,4,3,89,"7,87%",2321,3396,0,
83,01.10.2025,30.09.2025 (10:00 - 14:00),30.09.2025,4,10,69,0,2,81,"12,35%",2983,3296,0,
84,30.09.2025,29.09.2025 (15:00 - 17:30),29.09.2025,"2,5",2,64,0,7,73,"2,74%",2795,2894,0,
85,29.09.2025,26.09.2025 (08:30 - 14:00),26.09.2025,"5,5",6,53,3,6,68,"8,82%",2186,3458,32,204
86,26.09.2025,25.09.2025 (08:30 - 14:00),25.09.2025,"5,5",16,31,30,7,84,"19,05%",3202,3426,74,
87,25.09.2025,24.09.2025 (08:30 - 14:00),24.09.2025,"5,5",9,53,40,2,104,"8,65%",3228,3352,40,
88,24.09.2025,23.09.2025 (08:30 - 14:00),23.09.2025,"5,5",13,72,17,13,115,"11,30%",3054,3312,45,
89,23.09.2025,22.09.2025 (08:30 - 14:00),22.09.2025,"5,5",8,88,5,3,104,"7,69%",2705,3267,13,
90,22.09.2025,19.09.2025 (15:00 - 17:30),19.09.2025,"2,5",3,86,11,6,106,"2,83%",2863,3251,0,112
91,19.09.2025,18.09.2025 (10:00 - 14:00),18.09.2025,4,10,78,16,5,109,"9,17%",2808,3254,81,
92,18.09.2025,17.09.2025 (15:00 - 17:30),17.09.2025,"2,5",3,103,1,6,113,"2,65%",2871,3173,4,
93,17.09.2025,16.09.2025 (10:00 - 14:00),16.09.2025,4,12,96,4,2,114,"10,53%",2834,3169,27,
94,16.09.2025,15.09.2025 (15:00 - 17:30),15.09.2025,"2,5",3,100,1,0,104,"2,88%",2424,2822,0,
95,15.09.2025,12.09.2025 (8:30 - 14:00),12.09.2025,"5,5",6,87,2,2,97,"6,19%",2888,3142,17,243
96,12.09.2025,11.09.2025 (8:30 - 14:00),11.09.2025,"5,5",13,84,6,7,110,"11,82%",2704,3125,61,
97,11.09.2025,10.09.2025 (8:30 - 14:00),10.09.2025,"5,5",9,87,6,5,107,"8,41%",2688,3064,113,
98,10.09.2025,09.09.2025 (8:30 - 14:00),09.09.2025,"5,5",11,91,0,3,105,"10,48%",2661,2951,31,
99,09.09.2025,08.09.2025 (8:30 - 14:00),08.09.2025,"5,5",13,98,0,7,118,"11,02%",2552,2920,21,
100,08.09.2025,05.09.2025 (15:00 - 17:30),05.09.2025,"2,5",6,100,0,7,113,"5,31%",2659,2899,,
