№,Аркуш,Дата (години прийому),Дата прийому,"Тривалість прийому, год",Зайшов,Не зайшов,Не з'явився,Відклав візит,Всього,% (Зайшли / записались),Перший номер що зайшов,Останній номер що зайшов,"Просування ID за день, +ID","Просування ID за тиждень (Пн-Пт), +ID"
1,08.10.2026,07.10.2026 (14:00 - 17:30 + МОБІЛІЗАЦІЯ),07.10.2026,"3,5",0,0,0,0,0,,8109,8109,0,
2,07.10.2026,06.10.2026 (09:00 - 14:00),06.10.2026,5,0,0,0,0,0,,8109,8109,0,
3,06.10.2026,05.10.2026 (09:00 - 14:00),05.10.2026,5,0,1,0,0,1,"0,00%",8109,8109,0,
4,05.10.2026,02.10.2026 (09:00 - 14:00),02.10.2026,5,0,0,0,0,0,,8109,8109,0,0
5,02.10.2026,01.10.2026 (15:00 - 17:30 + МОБІЛІЗАЦІЯ),01.10.2026,"2,5",0,0,0,0,0,,8109,8109,0,
6,01.10.2026,30.09.2026 (15:00 - 17:30 + МОБІЛІЗАЦІЯ),30.09.2026,"2,5",0,0,0,0,0,,8109,8109,0,
7,30.09.2026,29.09.2026 (09:00 - 14:00),29.09.2026,5,0,0,0,0,0,,8109,8109,0,
8,29.09.2026,"28.09.2026 (09:00 - 14:00 + КОНТРАКТ, ВВНЗ, КАФЕДРА ВНЗ)",28.09.2026,5,0,1,0,0,1,"0,00%",8109,8109,0,
9,28.09.2026,25.09.2026 (11:00 - 16:00 + МОБІЛІЗАЦІЯ),25.09.2026,5,0,0,0,0,0,,8109,8109,0,32
10,25.09.2026,24.09.2026 (13:00 - 17:00 + МОБІЛІЗАЦІЯ),24.09.2026,4,1,0,0,0,1,"100,00%",8109,8109,0,
11,24.09.2026,23.09.2026 (13:00 - 17:00 + МОБІЛІЗАЦІЯ),23.09.2026,4,0,0,0,0,0,,8236,8236,0,
12,23.09.2026,22.09.2026 (09:00 - 14:00),22.09.2026,5,2,0,1,0,3,"66,67%",8186,8236,6,
13,22.09.2026,21.09.2026 (09:00 - 14:00),21.09.2026,5,3,0,2,0,5,"60,00%",8215,8230,26,
14,21.09.2026,18.09.2026 (ВИХІДНИЙ),18.09.2026,,,,,,,,8204,8204,0,4
15,18.09.2026,17.09.2026 (15:00 - 17:30 + МОБІЛІЗАЦІЯ),17.09.2026,"2,5",0,4,1,1,6,"0,00%",8204,8204,0,
16,17.09.2026,16.09.2026 (15:00 - 17:30 + МОБІЛІЗАЦІЯ),16.09.2026,"2,5",1,0,0,0,1,"100,00%",8204,8204,4,
17,16.09.2026,15.09.2026 (09:00 - 14:00),15.09.2026,5,1,3,1,0,5,"20,00%",8144,8144,0,
18,15.09.2026,"14.09.2026 (09:00 - 14:00 + КОНТРАКТ, ВВНЗ, КАФЕДРА ВНЗ)",14.09.2026,5,0,1,0,0,1,"0,00%",8200,8200,0,
19,14.09.2026,11.09.2026 (09:00 - 14:00),11.09.2026,5,0,1,0,0,1,"0,00%",8200,8200,0,53
20,11.09.2026,10.09.2026 (09:00 - 14:00),10.09.2026,5,1,5,0,0,6,"16,67%",8200,8200,33,
21,10.09.2026,"09.09.2026 (09:00 - 14:00 + КОНТРАКТ, ВВНЗ, КАФЕДРА ВНЗ)",09.09.2026,5,3,2,0,0,5,"60,00%",8045,8164,0,
22,09.09.2026,08.09.2026 (09:00 - 14:00),08.09.2026,5,0,3,0,0,3,"0,00%",8167,8167,0,
23,08.09.2026,"07.09.2026 (09:00 - 14:00 + КОНТРАКТ, ВВНЗ, КАФЕДРА ВНЗ)",07.09.2026,5,1,0,7,1,9,"11,11%",8167,8167,20,
24,07.09.2026,04.09.2026 (10:00 - 14:00 + МОБІЛІЗАЦІЯ),04.09.2026,4,4,0,2,0,6,"66,67%",7837,8147,4,56
25,04.09.2026,03.09.2026 (09:00 - 14:00),03.09.2026,5,2,6,0,0,8,"25,00%",8022,8143,13,
26,03.09.2026,"02.09.2026 (09:00 - 14:00 + КОНТРАКТ, ВВНЗ, КАФЕДРА ВНЗ)",02.09.2026,5,7,3,1,0,11,"63,64%",8096,8130,13,
27,02.09.2026,01.09.2026 (09:00 - 14:00),01.09.2026,5,4,2,3,2,11,"36,36%",7899,8117,20,
28,01.09.2026,"31.08.2026 (09:00 - 14:00 + КОНТРАКТ, ВВНЗ, КАФЕДРА ВНЗ)",31.08.2026,5,2,11,1,2,16,"12,50%",8094,8097,6,
29,31.08.2026,28.08.2026 (ВИХІДНИЙ),28.08.2026,,,,,,,,8091,8091,0,76
30,28.08.2026,27.08.2026 (09:00 - 14:00),27.08.2026,5,2,3,0,0,5,"40,00%",7911,8091,6,
31,27.08.2026,"26.08.2026 (09:00 - 14:00 + КОНТРАКТ, ВВНЗ, КАФЕДРА ВНЗ)",26.08.2026,5,15,0,7,0,22,"68,18%",7968,8085,24,
32,26.08.2026,25.08.2026 (09:00 - 14:00),25.08.2026,5,17,4,5,2,28,"60,71%",7801,8061,42,
33,25.08.2026,"24.08.2026 (09:00 - 14:00 + КОНТРАКТ, ВВНЗ, КАФЕДРА ВНЗ)",24.08.2026,5,17,0,5,2,24,"70,83%",7793,8019,4,
34,24.08.2026,21.08.2026 (09:00 - 14:00),21.08.2026,5,8,2,8,2,20,"40,00%",7743,8015,17,78
35,21.08.2026,20.08.2026 (09:00 - 14:00),20.08.2026,5,9,5,10,2,26,"34,62%",7952,7998,27,
36,20.08.2026,"19.08.2026 (09:00 - 14:00 + КОНТРАКТ, ВВНЗ, КАФЕДРА ВНЗ)",19.08.2026,5,9,3,1,3,16,"56,25%",7912,7971,30,
37,19.08.2026,18.08.2026 (09:00 - 14:00),18.08.2026,5,10,0,1,4,15,"66,67%",7829,7941,1,
38,18.08.2026,"17.08.2026 (09:00 - 14:00 + КОНТРАКТ, ВВНЗ, КАФЕДРА ВНЗ)",17.08.2026,5,12,0,0,0,12,"100,00%",7830,7940,3,
39,17.08.2026,14.08.2026 (10:00 - 14:00 + МОБІЛІЗАЦІЯ),14.08.2026,4,7,0,0,2,9,"77,78%",7843,7937,14,118
40,14.08.2026,13.08.2026 (09:00 - 14:00),13.08.2026,5,16,0,2,1,19,"84,21%",7865,7923,14,
41,13.08.2026,"12.08.2026 (09:00 - 14:00 + КОНТРАКТ, ВВНЗ, КАФЕДРА ВНЗ)",12.08.2026,5,15,2,0,0,17,"88,24%",7648,7909,33,
42,12.08.2026,11.08.2026 (09:00 - 14:00),11.08.2026,5,11,1,1,2,15,"73,33%",7263,7876,14,
43,11.08.2026,"10.08.2026 (09:00 - 14:00 + КОНТРАКТ, ВВНЗ, КАФЕДРА ВНЗ)",10.08.2026,5,13,0,6,4,23,"56,52%",7820,7862,43,
44,10.08.2026,07.08.2026 (ВИХІДНИЙ),07.08.2026,,,,,,,,7819,7819,0,79
45,07.08.2026,06.08.2026 (09:00 - 14:00),06.08.2026,5,16,1,8,1,26,"61,54%",7651,7819,22,
46,06.08.2026,"05.08.2026 (09:00 - 14:00 + КОНТРАКТ, ВВНЗ, КАФЕДРА ВНЗ)",05.08.2026,5,12,0,2,12,26,"46,15%",7698,7786,0,
47,05.08.2026,04.08.2026 (09:00 - 14:00),04.08.2026,5,15,6,4,0,25,"60,00%",7608,7797,22,
48,04.08.2026,"03.08.2026 (09:00 - 14:00 + КОНТРАКТ, ВВНЗ, КАФЕДРА ВНЗ)",03.08.2026,5,14,0,3,2,19,"73,68%",7645,7775,35,
49,03.08.2026,31.07.2026 (09:00 - 14:00),31.07.2026,5,13,0,6,1,20,"65,00%",7542,7740,2,81
50,31.07.2026,30.07.2026 (09:00 - 14:00),30.07.2026,5,16,2,3,6,27,"59,26%",7615,7738,29,
51,30.07.2026,"29.07.2026 (09:00 - 14:00 + позачергово КОНТРАКТ, ВВНЗ, КАФЕДРА ВНЗ)",29.07.2026,5,14,14,5,1,34,"41,18%",7633,7709,13,
52,29.07.2026,28.07.2026 (09:00 - 14:00),28.07.2026,5,14,11,3,1,29,"48,28%",7413,7696,21,
53,28.07.2026,"27.07.2026 (09:00 - 14:00 + позачергово КОНТРАКТ, ВВНЗ, КАФЕДРА ВНЗ)",27.07.2026,5,13,15,5,0,33,"39,39%",5756,7675,16,
54,27.07.2026,24.07.2026 (10:00 - 14:00 + МОБІЛІЗАЦІЯ),24.07.2026,4,7,9,2,0,18,"38,89%",7605,7659,29,111
55,24.07.2026,"23.07.2026 (09:00 - 14:00 + позачергово КОНТРАКТ, ВВНЗ, КАФЕДРА ВНЗ)",23.07.2026,5,17,4,2,3,26,"65,38%",7554,7630,28,
56,23.07.2026,22.07.2026 (09:00 - 14:00),22.07.2026,5,14,12,0,0,26,"53,85%",5779,7602,26,
57,22.07.2026,"21.07.2026 (09:00 - 14:00 + позачергово КОНТРАКТ, ВВНЗ, КАФЕДРА ВНЗ)",21.07.2026,5,19,7,8,0,34,"55,88%",7409,7576,17,
58,21.07.2026,20.07.2026 (09:00 - 14:00),20.07.2026,5,15,3,12,1,31,"48,39%",7362,7559,11,
59,20.07.2026,17.07.2026 (ВИХІДНИЙ),17.07.2026,,,,,,,,7548,7548,0,45
60,17.07.2026,"16.07.2026 (09:00 - 14:00 + позачергово КОНТРАКТ, ВВНЗ, КАТЕДРА ВНЗ)",16.07.2026,5,6,18,2,0,26,"23,08%",7510,7548,14,
61,16.07.2026,15.07.2026 (09:00 - 14:00),15.07.2026,5,11,6,4,0,21,"52,38%",7098,7534,6,
62,15.07.2026,"14.07.2026 (09:00 - 14:00 + позачергово КОНТРАКТ, ВВНЗ, КАТЕДРА ВНЗ)",14.07.2026,5,11,11,4,0,26,"42,31%",7479,7528,5,
63,14.07.2026,13.07.2026 (09:00 - 14:00),13.07.2026,5,10,1,3,6,20,"50,00%",7375,7523,20,
64,13.07.2026,10.07.2026 (09:00 - 14:00),10.07.2026,5,14,2,3,4,23,"60,87%",7436,7503,15,83
65,10.07.2026,"09.07.2026 (09:00 - 14:00 + позачергово КОНТРАКТ, ВВНЗ, КАТЕДРА ВНЗ)",09.07.2026,5,14,3,2,2,21,"66,67%",7339,7488,24,
66,09.07.2026,08.07.2026 (09:00 - 14:00),08.07.2026,5,9,2,0,8,19,"47,37%",7427,7464,5,
67,08.07.2026,07.07.2026 (09:00 - 14:00),07.07.2026,5,13,1,1,4,19,"68,42%",7380,7459,26,
68,07.07.2026,06.07.2026 (09:00 - 14:00),06.07.2026,5,8,1,8,2,19,"42,11%",7352,7433,13,
69,06.07.2026,03.07.2026 (10:00 - 14:00 + МОБІЛІЗАЦІЯ),03.07.2026,4,9,0,7,5,21,"42,86%",7387,7420,9,118
70,03.07.2026,02.07.2026 (09:00 - 14:00),02.07.2026,5,11,3,2,6,22,"50,00%",7355,7411,25,
71,02.07.2026,01.07.2026 (09:00 - 14:00),01.07.2026,5,10,0,3,0,13,"76,92%",7207,7386,17,
72,01.07.2026,30.06.2026 (09:00 - 14:00),30.06.2026,5,10,0,6,4,20,"50,00%",7286,7369,39,
73,30.06.2026,29.06.2026 (09:00 - 14:00),29.06.2026,5,9,2,3,0,14,"64,29%",6897,7330,28,
74,29.06.2026,26.06.2026 (ВИХІДНИЙ),26.06.2026,,,,,,,,6923,6923,0,34
75,26.06.2026,25.06.2026 (09:00 - 14:00),25.06.2026,5,2,0,2,0,4,"50,00%",6923,6923,0,
76,25.06.2026,24.06.2026 (09:00 - 14:00),24.06.2026,5,5,0,0,0,5,"100,00%",7295,7302,2,
77,24.06.2026,23.06.2026 (09:00 - 14:00),23.06.2026,5,7,0,4,1,12,"58,33%",4481,7300,26,
78,23.06.2026,22.06.2026 (09:00 - 14:00),22.06.2026,5,13,0,4,0,17,"76,47%",7056,7274,6,
79,22.06.2026,19.06.2026 (09:00 - 14:00),19.06.2026,5,8,0,4,0,12,"66,67%",7190,7268,22,63
80,19.06.2026,18.06.2026 (09:00 - 14:00),18.06.2026,5,5,1,2,0,8,"62,50%",7235,7235,0,
81,18.06.2026,17.06.2026 (09:00 - 14:00),17.06.2026,5,17,1,0,0,18,"94,44%",7127,7246,10,
82,17.06.2026,16.06.2026 (09:00 - 14:00),16.06.2026,5,15,4,4,0,23,"65,22%",7090,7236,20,
83,16.06.2026,15.06.2026 (09:00 - 14:00),15.06.2026,5,10,2,2,1,15,"66,67%",7163,7216,11,
84,15.06.2026,12.06.2026 (10:00 - 14:00 + МОБІЛІЗАЦІЯ),12.06.2026,4,8,0,4,0,12,"66,67%",6134,7205,21,113
85,12.06.2026,11.06.2026 (09:00 - 14:00),11.06.2026,5,17,0,4,1,22,"77,27%",7139,7184,28,
86,11.06.2026,10.06.2026 (09:00 - 14:00),10.06.2026,5,19,1,2,0,22,"86,36%",3914,7156,20,
87,10.06.2026,09.06.2026 (09:00 - 14:00),09.06.2026,5,19,2,2,1,24,"79,17%",4948,7136,44,
88,09.06.2026,08.06.2026 (09:00 - 14:00),08.06.2026,5,8,1,1,0,10,"80,00%",6956,7007,0,
89,08.06.2026,05.06.2026 (ВИХІДНИЙ),05.06.2026,,,,,,,,7092,7092,0,63
90,05.06.2026,04.06.2026 (09:00 - 14:00),04.06.2026,5,4,0,1,0,5,"80,00%",6922,7092,21,
91,04.06.2026,03.06.2026 (09:00 - 14:00),03.06.2026,5,12,1,1,1,15,"80,00%",7053,7071,17,
92,03.06.2026,02.06.2026 (09:00 - 14:00),02.06.2026,5,8,0,1,1,10,"80,00%",6987,7054,13,
93,02.06.2026,01.06.2026 (09:00 - 14:00),01.06.2026,5,15,3,1,1,20,"75,00%",6965,7041,12,
94,01.06.2026,29.05.2026 (09:00 - 14:00),29.05.2026,5,10,0,0,0,10,"100,00%",6868,7029,24,95
95,29.05.2026,28.05.2026 (09:00 - 14:00),28.05.2026,5,15,1,0,0,16,"93,75%",6624,7005,1,
96,28.05.2026,27.05.2026 (09:00 - 14:00),27.05.2026,5,9,0,2,1,12,"75,00%",6976,7004,26,
97,27.05.2026,26.05.2026 (09:00 - 14:00),26.05.2026,5,13,0,5,1,19,"68,42%",6951,6978,28,
98,26.05.2026,25.05.2026 (09:00 - 14:00),25.05.2026,5,19,0,1,4,24,"79,17%",5353,6950,16,
99,25.05.2026,22.05.2026 (10:00 - 14:00 + МОБІЛІЗАЦІЯ),22.05.2026,4,5,1,0,2,8,"62,50%",6914,6921,0,75
100,22.05.2026,21.05.2026 (09:00 - 14:00),21.05.2026,5,15,0,0,2,17,"88,24%",4650,6934,14,
101,21.05.2026,20.05.2026 (09:00 - 14:00),20.05.2026,5,13,1,2,4,20,"65,00%",6008,6920,21,
102,20.05.2026,19.05.2026 (09:00 - 14:00),19.05.2026,5,15,5,4,3,27,"55,56%",4863,6899,34,
103,19.05.2026,18.05.2026 (09:00 - 14:00),18.05.2026,5,11,3,4,1,19,"57,89%",6643,6865,6,
104,18.05.2026,15.05.2026 (ВИХІДНИЙ),15.05.2026,,,,,,,,6859,6859,0,63
105,15.05.2026,14.05.2026 (09:00 - 14:00),14.05.2026,5,20,1,4,2,27,"74,07%",6141/1,6859,21,
106,14.05.2026,13.05.2026 (09:00 - 14:00),13.05.2026,5,13,7,1,2,23,"56,52%",5861,6838,30,
107,13.05.2026,12.05.2026 (09:00 - 14:00),12.05.2026,5,13,1,0,3,17,"76,47%",6617,6790,0,
108,12.05.2026,11.05.2026 (09:00 - 14:00),11.05.2026,5,11,0,1,2,14,"78,57%",6663,6808,12,
109,11.05.2026,08.05.2026 (09:00 - 14:00),08.05.2026,5,11,0,4,0,15,"73,33%",5501,6796,8,80
110,08.05.2026,07.05.2026 (09:00 - 14:00),07.05.2026,5,1,0,6,0,7,"14,29%",6788,6788,3,
111,07.05.2026,06.05.2026 (09:00 - 14:00),06.05.2026,5,11,0,5,0,16,"68,75%",6408,6785,26,
112,06.05.2026,05.05.2026 (09:00 - 14:00),05.05.2026,5,16,0,5,1,22,"72,73%",6174,6759,16,
113,05.05.2026,04.05.2026 (09:00 - 14:00),04.05.2026,5,13,2,1,0,16,"81,25%",6166,6743,27,
114,04.05.2026,01.05.2026 (10:00 - 14:00 + МОБІЛІЗАЦІЯ),01.05.2026,4,7,0,2,1,10,"70,00%",5794,6716,2,93
115,01.05.2026,30.04.2026 (9:00 - 14:00),30.04.2026,5,16,0,0,1,17,"94,12%",6254,6714,16,
116,30.04.2026,29.04.2026 (9:00 - 14:00),29.04.2026,5,16,0,1,6,23,"69,57%",6058,6698,26,
117,29.04.2026,28.04.2026 (9:00 - 14:00),28.04.2026,5,15,1,6,10,32,"46,88%",6576,6672,10,
118,28.04.2026,27.04.2026 (9:00 - 14:00),27.04.2026,5,12,0,7,6,25,"48,00%",5390,6662,39,
119,27.04.2026,24.04.2026 (9:00 - 14:00),24.04.2026,5,15,1,5,0,21,"71,43%",5115,6623,12,111
120,24.04.2026,23.04.2026 (9:00 - 14:00),23.04.2026,5,15,1,4,0,20,"75,00%",5143,6611,23,
121,23.04.2026,22.04.2026 (9:00 - 14:00),22.04.2026,5,18,0,9,1,28,"64,29%",5040,6588,37,
122,22.04.2026,21.04.2026 (9:00 - 14:00),21.04.2026,5,17,0,4,3,24,"70,83%",5360,6551,39,
123,21.04.2026,20.04.2026 (ВИХІДНИЙ),20.04.2026,,,,,,,,6512,6512,0,
124,20.04.2026,17.04.2026 (9:00 - 14:00),17.04.2026,5,14,0,4,2,20,"70,00%",6011,6512,17,195
125,17.04.2026,16.04.2026 (9:00 - 14:00),16.04.2026,5,16,1,8,1,26,"61,54%",6086,6495,59,
126,16.04.2026,15.04.2026 (9:00 - 14:00),15.04.2026,5,14,1,9,3,27,"51,85%",4202,6436,35,
127,15.04.2026,14.04.2026 (9:00 - 14:00),14.04.2026,5,14,1,5,3,23,"60,87%",5461,6401,43,
128,14.04.2026,13.04.2026 (10:00 - 14:00),13.04.2026,4,18,0,6,4,28,"64,29%",5719,6358,41,
129,13.04.2026,10.04.2026 (10:00 - 14:00) + МОБІЛІЗАЦІЯ,10.04.2026,4,7,3,8,4,22,"31,82%",5901,6112,0,212
130,10.04.2026,09.04.2026 (9:00 - 14:00),09.04.2026,5,15,1,8,5,29,"51,72%",5474,6276,0,
131,09.04.2026,08.04.2026 (9:00 - 14:00),08.04.2026,5,14,0,11,0,25,"56,00%",5892,6115,0,
132,08.04.2026,07.04.2026 (9:00 - 14:00),07.04.2026,5,13,0,10,0,23,"56,52%",6078,6317,212,
133,07.04.2026,06.04.2026 (9:00 - 14:00),06.04.2026,5,20,0,7,3,30,"66,67%",5842,6082,0,
134,06.04.2026,03.04.2026 (вихідний),03.04.2026,,,,,,,,6102,6102,0,143
135,03.04.2026,02.04.2026 (9:00 - 14:00),02.04.2026,5,8,0,6,0,14,"57,14%",4867,6102,0,
136,02.04.2026,01.04.2026 (9:00 - 14:00),01.04.2026,5,9,0,5,1,15,"60,00%",3302,6105,85,
137,01.04.2026,31.03.2026 (9:00 - 14:00),31.03.2026,5,12,0,9,2,23,"52,17%",4791,6004,0,
138,31.03.2026,30.03.2026 (9:00 - 14:00),30.03.2026,5,11,0,7,0,18,"61,11%",4988,6020,58,
139,30.03.2026,27.03.2026 (09:00 - 14:00),27.03.2026,5,8,0,6,0,14,"57,14%",5213,5213,0,39
140,27.03.2026,26.03.2026 (09:00 - 14:00),26.03.2026,5,12,0,9,1,22,"54,55%",4922,5849,0,
141,26.03.2026,25.03.2026 (09:00 - 14:00),25.03.2026,5,16,0,12,2,30,"53,33%",5950,5954,0,
142,25.03.2026,24.03.2026 (09:00 - 14:00),24.03.2026,5,17,8,6,1,32,"53,13%",5044,5962,26,
143,24.03.2026,23.03.2026 (09:00 - 14:00),23.03.2026,5,14,1,3,0,18,"77,78%",5214,5936,13,
144,23.03.2026,20.03.2026 (10:00 - 14:00) + МОБІЛІЗАЦІЯ,20.03.2026,4,6,1,5,1,13,"46,15%",5079,5079,0,40
145,20.03.2026,19.03.2026 (09:00 - 14:00),19.03.2026,5,13,0,11,1,25,"52,00%",4743,5923,16,
146,19.03.2026,18.03.2026 (09:00 - 14:00),18.03.2026,5,12,0,2,1,15,"80,00%",5334,5907,17,
147,18.03.2026,17.03.2026 (09:00 - 14:00),17.03.2026,5,14,0,2,1,17,"82,35%",5499,5890,7,
148,17.03.2026,16.03.2026 (09:00 - 14:00),16.03.2026,5,15,0,6,2,23,"65,22%",4959,5833,0,
149,16.03.2026,13.03.2026 (09:00 - 14:00),13.03.2026,5,13,1,4,1,19,"68,42%",5415,5883,59,126
150,13.03.2026,12.03.2026 (09:00 - 14:00),12.03.2026,5,12,0,5,2,19,"63,16%",5025,5819,0,
151,12.03.2026,11.03.2026 (09:00 - 14:00),11.03.2026,5,10,0,9,2,21,"47,62%",5250,5824,20,
152,11.03.2026,10.03.2026 (09:00 - 14:00),10.03.2026,5,11,0,7,1,19,"57,89%",4641,5804,13,
153,10.03.2026,09.03.2026 (09:00 - 14:00),09.03.2026,5,13,0,5,1,19,"68,42%",3219,5791,34,
154,09.03.2026,06.03.2026 (09:00 - 14:00),06.03.2026,5,10,0,3,0,13,"76,92%",5504,5711,0,78
155,06.03.2026,05.03.2026 (09:00 - 14:00),05.03.2026,5,9,0,4,0,13,"69,23%",5366,5757,17,
156,05.03.2026,04.03.2026 (09:00 - 14:00),04.03.2026,5,11,0,8,0,19,"57,89%",5018,5740,6,
157,04.03.2026,03.03.2026 (09:00 - 14:00),03.03.2026,5,14,0,8,1,23,"60,87%",4159,5734,44,
158,03.03.2026,02.03.2026 (09:00 - 14:00),02.03.2026,5,10,0,6,0,16,"62,50%",4544,5690,11,
159,02.03.2026,27.02.2026 (10:00 - 14:00),27.02.2026,4,5,0,6,1,12,"41,67%",5520,5679,8,185
160,27.02.2026,26.02.2026 (09:00 - 14:00),26.02.2026,5,12,0,4,1,17,"70,59%",5200,5671,54,
161,26.02.2026,25.02.2026 (09:00 - 14:00),25.02.2026,5,12,1,2,1,16,"75,00%",4979,5617,55,
162,25.02.2026,24.02.2026 (09:00 - 14:00),24.02.2026,5,9,3,4,1,17,"52,94%",4101,5562,68,
163,24.02.2026,23.02.2026 (09:00 - 14:00),23.02.2026,5,13,0,6,2,21,"61,90%",4957,5470,0,
164,23.02.2026,20.02.2026 (вихідний),20.02.2026,,,,,,,,5494,5494,0,35
165,20.02.2026,19.02.2026 (09:00 - 14:00),19.02.2026,5,12,0,4,1,17,"70,59%",4526,5494,2,
166,19.02.2026,18.02.2026 (09:00 - 14:00),18.02.2026,5,16,0,6,2,24,"66,67%",4742,5492,33,
167,18.02.2026,17.02.2026 (09:00 - 14:00),17.02.2026,5,13,0,8,2,23,"56,52%",5046,5361,0,
168,17.02.2026,16.02.2026 (09:00 - 14:00),16.02.2026,5,10,0,7,3,20,"50,00%",5008,5455,0,
169,16.02.2026,13.02.2026 (09:00 - 14:00),13.02.2026,5,6,0,3,0,9,"66,67%",4986,5262,0,45
170,13.02.2026,12.02.2026 (09:00 - 14:00),12.02.2026,5,13,1,0,0,14,"92,86%",4612,5321,0,
171,12.02.2026,11.02.2026 (09:00 - 14:00),11.02.2026,5,9,1,9,0,19,"47,37%",4001/1,5459,5,
172,11.02.2026,10.02.2026 (09:00 - 14:00),10.02.2026,5,14,1,8,2,25,"56,00%",4645,5454,40,
173,10.02.2026,09.02.2026 (09:00 - 14:00),09.02.2026,5,8,2,2,1,13,"61,54%",5275,5324,0,
174,09.02.2026,06.02.2026 (10:00 - 14:00),06.02.2026,4,5,3,6,0,14,"35,71%",5031,5413,0,0
175,06.02.2026,05.02.2026 (09:00 - 14:00),05.02.2026,5,10,1,8,0,19,"52,63%",5196,5259,0,
176,05.02.2026,04.02.2026 (09:00 - 14:00),04.02.2026,5,9,2,7,0,18,"50,00%",4478,4892,0,
177,04.02.2026,03.02.2026 (09:00 - 14:00),03.02.2026,5,10,0,9,0,19,"52,63%",5113,5271,0,
178,03.02.2026,02.02.2026 (09:00 - 14:00),02.02.2026,5,14,0,4,0,18,"77,78%",4290,5210,0,
179,02.02.2026,30.01.2026 (09:00 - 14:00),30.01.2026,5,13,2,17,2,34,"38,24%",4736,5253,0,0
180,30.01.2026,29.01.2026 (09:00 - 14:00),29.01.2026,5,12,10,14,2,38,"31,58%",4725,5185,0,
181,29.01.2026,28.01.2026 (09:00 - 14:00),28.01.2026,5,12,17,9,0,38,"31,58%",4428,5146,0,
182,28.01.2026,27.01.2026 (09:00 - 14:00),27.01.2026,5,12,23,10,3,48,"25,00%",3687,5090,0,
183,27.01.2026,26.01.2026 (вихідний),26.01.2026,,,,,,,,5414,5414,0,
184,26.01.2026,23.01.2026 (09:00 - 14:00),23.01.2026,5,13,0,15,1,29,"44,83%",4662,5414,50,146
185,23.01.2026,22.01.2026 (09:00 - 14:00),22.01.2026,5,14,10,5,0,29,"48,28%",4646,5364,64,
186,22.01.2026,21.01.2026 (09:00 - 14:00),21.01.2026,5,13,17,2,1,33,"39,39%",4303,5300,32,
187,21.01.2026,20.01.2026 (09:00 - 14:00),20.01.2026,5,10,12,3,1,26,"38,46%",4536,4940,0,
188,20.01.2026,19.01.2026 (09:00 - 14:00),19.01.2026,5,16,6,4,3,29,"55,17%",4475,4956,0,
189,19.01.2026,"16.01.2026 (09:00 - 14:00, мобілізація)",16.01.2026,5,9,8,6,0,23,"39,13%",4523,5117,0,196
190,16.01.2026,15.01.2026 (09:00 - 14:00),15.01.2026,5,13,9,12,2,36,"36,11%",4236,5081,0,
191,15.01.2026,14.01.2026 (09:00 - 14:00),14.01.2026,5,17,8,10,1,36,"47,22%",4200,5125,0,
192,14.01.2026,13.01.2026 (09:00 - 14:00),13.01.2026,5,16,10,4,2,32,"50,00%",4235,5268,193,
193,13.01.2026,12.01.2026 (09:00 - 14:00),12.01.2026,5,14,14,6,0,34,"41,18%",3867,5075,3,
194,12.01.2026,09.01.2026 (вихідний),09.01.2026,,,,,,,,5001,5001,0,119
195,09.01.2026,08.01.2026 (09:00 - 14:00),08.01.2026,5,19,13,14,3,49,"38,78%",4264,5001,0,
196,08.01.2026,07.01.2026 (09:00 - 14:00),07.01.2026,5,14,10,20,1,45,"31,11%",4121,5072,119,
197,07.01.2026,06.01.2026 (09:00 - 14:00),06.01.2026,5,14,28,9,0,51,"27,45%",4425,4802,0,
198,06.01.2026,05.01.2026 (09:00 - 14:00),05.01.2026,5,14,31,9,4,58,"24,14%",4525,4866,0,
199,05.01.2026,02.01.2026 (09:00 - 14:00),02.01.2026,5,16,32,13,3,64,"25,00%",4654,4953,57,161
200,02.01.2026,01.01.2026 (10:00 - 14:00),01.01.2026,4,20,45,1,1,67,"29,85%",4856,4856,0,
201,01.01.2026,31.12.2025 (9:00 - 14:00),31.12.2025,5,15,48,6,3,72,"20,83%",4379,4891,0,
202,31.12.2025,30.12.2025 (9:00 - 14:00),30.12.2025,5,15,43,17,3,78,"19,23%",4431,4896,104,
203,30.12.2025,29.12.2025 (9:00 - 14:00),29.12.2025,5,15,62,4,5,86,"17,44%",4267,4761,0,
204,29.12.2025,26.12.2025 (мобілізація),26.12.2025,,,,,,,,4792,4792,0,158
205,26.12.2025,25.12.2025 (9:00 - 14:00),25.12.2025,5,19,59,16,2,96,"19,79%",4259,4792,39,
206,25.12.2025,23.12.2025 (9:00 - 14:00),23.12.2025,5,14,74,8,0,96,"14,58%",4266,4753,119,
207,24.12.2025,23.12.2025 (9:00 - 14:00),23.12.2025,5,14,77,5,0,96,"14,58%",3881,4489,0,
208,23.12.2025,22.12.2025 (9:00 - 14:00),22.12.2025,5,15,76,17,5,113,"13,27%",4108,4620,0,
209,22.12.2025,19.12.2025 (9:00 - 14:00),19.12.2025,5,17,85,15,5,122,"13,93%",4191,4634,119,279
210,19.12.2025,18.12.2025 (10:30 - 14:00),18.12.2025,"3,5",12,105,7,3,127,"9,45%",4268,4515,14,
211,18.12.2025,17.12.2025 (9:00 - 14:00),17.12.2025,5,12,106,15,1,134,"8,96%",4052,4501,96,
212,17.12.2025,16.12.2025 (9:00 - 14:00),16.12.2025,5,14,117,19,6,156,"8,97%",4087,4405,50,
213,16.12.2025,15.12.2025 (вихідний),15.12.2025,,,,,,,,4355,4355,0,
214,15.12.2025,12.12.2025 (9:00 - 14:00),12.12.2025,5,6,134,2,3,145,"4,14%",3969,4355,15,70
215,12.12.2025,11.12.2025 (9:00 - 14:00),11.12.2025,5,10,132,12,3,157,"6,37%",4079,4336,0,
216,11.12.2025,10.12.2025 (9:00 - 14:00),10.12.2025,5,16,132,26,6,180,"8,89%",3951,4340,55,
217,10.12.2025,09.12.2025 (9:00 - 14:00),09.12.2025,5,10,153,15,6,184,"5,43%",3962,4261,0,
218,09.12.2025,08.12.2025 (9:00 - 14:00),08.12.2025,5,0,173,0,9,182,"0,00%",4285,4285,0,
219,08.12.2025,05.12.2025 (9:00 - 14:00),05.12.2025,5,9,143,24,8,184,"4,89%",3805,4285,89,117
220,05.12.2025,04.12.2025 (9:00 - 14:00),04.12.2025,5,9,161,18,3,191,"4,71%",3707,4196,28,
221,04.12.2025,03.12.2025 (9:00 - 14:00),03.12.2025,5,4,177,2,7,190,"2,11%",3993,4096,0,
222,03.12.2025,02.12.2025 (Мобілізація),02.12.2025,,,,,,,,4118,4118,0,
223,02.12.2025,01.12.2025 (9:00 - 14:00),01.12.2025,5,6,158,3,5,172,"3,49%",3560,4118,0,
224,01.12.2025,28.11.2025 (9:00 - 14:00),28.11.2025,5,12,147,10,7,176,"6,82%",3995,4168,16,46
225,28.11.2025,27.11.2025 (9:00 - 14:00),27.11.2025,5,5,151,1,10,167,"2,99%",4000,4088,0,
226,27.11.2025,26.11.2025 (9:00 - 14:00),26.11.2025,5,7,144,0,7,158,"4,43%",3800,4004,0,
227,26.11.2025,25.11.2025 (Вихідний),25.11.2025,,,,,,,,4152,4152,0,
228,25.11.2025,24.11.2025 (9:00 - 14:00),24.11.2025,5,17,116,10,1,144,"11,81%",1911,4152,30,
229,24.11.2025,21.11.2025 (8:30 - 14:00),21.11.2025,"5,5",6,126,11,7,150,"4,00%",3916,4122,25,38
230,21.11.2025,20.11.2025 (8:30 - 14:00),20.11.2025,"5,5",3,133,3,14,153,"1,96%",3998,4031,0,
231,20.11.2025,19.11.2025 (8:30 - 14:00),19.11.2025,"5,5",3,135,2,7,147,"2,04%",3703,3755,0,
232,19.11.2025,18.11.2025 (8:30 - 14:00),18.11.2025,"5,5",16,113,7,14,150,"10,67%",3864,4097,13,
233,18.11.2025,17.11.2025 (8:30 - 14:00),17.11.2025,"5,5",3,121,0,9,133,"2,26%",3610,3828,0,
234,17.11.2025,14.11.2025 (15:00 - 17:30),14.11.2025,"2,5",10,104,14,6,134,"7,46%",3812,4084,71,71
235,14.11.2025,13.11.2025 (10:00 - 14:00),13.11.2025,4,4,117,1,11,133,"3,01%",3874,3931,0,
236,13.11.2025,12.11.2025 (15:00 - 17:30),12.11.2025,"2,5",4,116,0,8,128,"3,13%",3842,3913,0,
237,12.11.2025,11.11.2025 (10:00 - 14:00),11.11.2025,4,10,110,2,8,130,"7,69%",3662,3908,0,
238,11.11.2025,10.11.2025 (15:00 - 17:30),10.11.2025,"2,5",6,107,0,6,119,"5,04%",3467,3831,0,
239,10.11.2025,07.11.2025 (8:30 - 14:00),07.11.2025,"5,5",5,94,2,12,113,"4,42%",3676,3868,0,142
240,07.11.2025,06.11.2025 (8:30 - 14:00),06.11.2025,"5,5",7,101,0,12,120,"5,83%",3154,3785,0,
241,06.11.2025,05.11.2025 (8:30 - 14:00),05.11.2025,"5,5",9,93,0,12,114,"7,89%",3658,3847,0,
242,05.11.2025,04.11.2025 (8:30 - 14:00),04.11.2025,"5,5",15,75,19,5,114,"13,16%",3693,4013,39,
243,04.11.2025,03.11.2025 (8:30 - 14:00),03.11.2025,"5,5",14,73,17,7,111,"12,61%",3566,3974,103,
244,03.11.2025,31.10.2025 (15:00 - 17:30),31.10.2025,"2,5",8,80,18,5,111,"7,21%",3332,3871,1,110
245,31.10.2025,30.10.2025 (10:00 - 14:00),30.10.2025,4,13,81,16,2,112,"11,61%",3583,3870,57,
246,30.10.2025,29.10.2025 (15:00 - 17:30),29.10.2025,"2,5",7,94,5,6,112,"6,25%",3530,3763,0,
247,29.10.2025,28.10.2025 (10:00 - 14:00),28.10.2025,4,8,89,17,9,123,"6,50%",3237,3813,52,
248,28.10.2025,27.10.2025 (13:00 - 15:30),27.10.2025,"2,5",6,103,6,11,126,"4,76%",3548,3712,0,
249,27.10.2025,24.10.2025 (08:30 - 14:00),24.10.2025,"5,5",7,95,23,8,133,"5,26%",3311,3761,56,156
250,24.10.2025,23.10.2025 (08:30 - 14:00),23.10.2025,"5,5",13,97,18,6,134,"9,70%",3619,3705,54,
251,23.10.2025,22.10.2025 (08:30 - 14:00),22.10.2025,"5,5",7,111,7,11,136,"5,15%",3526,3651,46,
252,22.10.2025,21.10.2025 (08:30 - 14:00),21.10.2025,"5,5",9,114,1,7,131,"6,87%",3241,3573,0,
253,21.10.2025,20.10.2025 (08:30 - 14:00),20.10.2025,"5,5",6,112,0,15,133,"4,51%",3428,3518,0,
254,20.10.2025,17.10.2025 (15:00 - 17:30),17.10.2025,"2,5",5,101,0,8,114,"4,39%",3300,3535,0,0
255,17.10.2025,16.10.2025 (10:00 - 14:00),16.10.2025,4,9,100,0,10,119,"7,56%",3304,3527,0,
256,16.10.2025,15.10.2025 (15:00 - 17:30),15.10.2025,"2,5",0,101,0,2,103,"0,00%",3580,3580,0,
257,15.10.2025,14.10.2025 (Вихідний),14.10.2025,,,,,,,,3580,3580,0,
258,14.10.2025,13.10.2025 (15:00 - 17:30),13.10.2025,"2,5",7,78,4,7,96,"7,29%",3229,3580,0,
259,13.10.2025,10.10.2025 (08:30 - 14:00),10.10.2025,"5,5",0,88,0,1,89,"0,00%",3605,3605,0,147
260,10.10.2025,09.10.2025 (08:30 - 14:00),09.10.2025,"5,5",12,43,31,5,91,"13,19%",3177,3605,72,
261,09.10.2025,08.10.2025 (08:30 - 14:00),08.10.2025,"5,5",7,82,1,6,96,"7,29%",3350,3476,0,
262,08.10.2025,07.10.2025 (10:00 - 14:00),07.10.2025,4,5,66,6,8,85,"5,88%",3360,3498,0,
263,07.10.2025,06.10.2025 (08:30 - 14:00),06.10.2025,"5,5",13,54,20,5,92,"14,13%",3209,3533,75,
264,06.10.2025,03.10.2025 (15:00 - 17:30),03.10.2025,"2,5",5,79,0,6,90,"5,56%",2961,3358,0,0
265,03.10.2025,02.10.2025 (10:00 - 14:00),02.10.2025,4,9,75,3,7,94,"9,57%",2814,3446,0,
266,02.10.2025,01.10.2025 (15:00 - 17:30),01.10.2025,"2,5",7,75,4,3,89,"7,87%",2321,3396,0,
267,01.10.2025,30.09.2025 (10:00 - 14:00),30.09.2025,4,10,69,0,2,81,"12,35%",2983,3296,0,
268,30.09.2025,29.09.2025 (15:00 - 17:30),29.09.2025,"2,5",2,64,0,7,73,"2,74%",2795,2894,0,
269,29.09.2025,26.09.2025 (08:30 - 14:00),26.09.2025,"5,5",6,53,3,6,68,"8,82%",2186,3458,32,204
270,26.09.2025,25.09.2025 (08:30 - 14:00),25.09.2025,"5,5",16,31,30,7,84,"19,05%",3202,3426,74,
271,25.09.2025,24.09.2025 (08:30 - 14:00),24.09.2025,"5,5",9,53,40,2,104,"8,65%",3228,3352,40,
272,24.09.2025,23.09.2025 (08:30 - 14:00),23.09.2025,"5,5",13,72,17,13,115,"11,30%",3054,3312,45,
273,23.09.2025,22.09.2025 (08:30 - 14:00),22.09.2025,"5,5",8,88,5,3,104,"7,69%",2705,3267,13,
274,22.09.2025,19.09.2025 (15:00 - 17:30),19.09.2025,"2,5",3,86,11,6,106,"2,83%",2863,3251,0,54
275,19.09.2025,18.09.2025 (10:00 - 14:00),18.09.2025,4,10,78,16,5,109,"9,17%",2808,3254,54,
276,18.09.2025,17.09.2025 (15:00 - 17:30),17.09.2025,"2,5",3,103,1,6,113,"2,65%",2871,3173,0,
277,17.09.2025,16.09.2025 (10:00 - 14:00),16.09.2025,4,12,96,4,2,114,"10,53%",2834,3169,0,
278,16.09.2025,15.09.2025 (15:00 - 17:30),15.09.2025,"2,5",3,100,1,0,104,"2,88%",2424,2822,0,
279,15.09.2025,12.09.2025 (8:30 - 14:00),12.09.2025,"5,5",6,87,2,2,97,"6,19%",2888,3142,0,0
280,12.09.2025,11.09.2025 (8:30 - 14:00),11.09.2025,"5,5",13,84,6,7,110,"11,82%",2704,3125,0,
281,11.09.2025,10.09.2025 (8:30 - 14:00),10.09.2025,"5,5",9,87,6,5,107,"8,41%",2688,3064,0,
282,10.09.2025,09.09.2025 (8:30 - 14:00),09.09.2025,"5,5",11,91,0,3,105,"10,48%",2661,2951,0,
283,09.09.2025,08.09.2025 (8:30 - 14:00),08.09.2025,"5,5",13,98,0,7,118,"11,02%",2552,2920,0,
284,08.09.2025,05.09.2025 (15:00 - 17:30),05.09.2025,"2,5",6,100,0,7,113,"5,31%",2659,2899,0,0
285,05.09.2025,04.09.2025 (10:00 - 14:00),04.09.2025,4,7,95,0,0,102,"6,86%",1687,2798,0,
286,04.09.2025,03.09.2025 (15:00 - 17:30),03.09.2025,"2,5",1,70,1,1,73,"1,37%",2593,2593,0,
287,03.09.2025,02.09.2025 (10:00 - 14:00),02.09.2025,4,7,51,2,5,65,"10,77%",2706,2921,0,
288,02.09.2025,01.09.2025 (15:00 - 18:00),01.09.2025,3,9,45,2,0,56,"16,07%",2540,2907,0,
289,01.09.2025,29.08.2025 (08:30 - 14:00),29.08.2025,"5,5",18,28,4,8,58,"31,03%",2589,3200,,
290,,,,,,,,,,,,,,
291,,,,,,,,,,,,,,
292,,,,,,,,,,,,,,
293,,,,,,,,,,,,,,
294,,,,,,,,,,,,,,
295,,,,,,,,,,,,,,
296,,,,,,,,,,,,,,
297,,,,,,,,,,,,,,
298,,,,,,,,,,,,,,
299,,,,,,,,,,,,,,
300,,,,,,,,,,,,,,
301,,,,,,,,,,,,,,
302,,,,,,,,,,,,,,
303,,,,,,,,,,,,,,
304,,,,,,,,,,,,,,
305,,,,,,,,,,,,,,
306,,,,,,,,,,,,,,
307,,,,,,,,,,,,,,
308,,,,,,,,,,,,,,
309,,,,,,,,,,,,,,
310,,,,,,,,,,,,,,
311,,,,,,,,,,,,,,
312,,,,,,,,,,,,,,
313,,,,,,,,,,,,,,
314,,,,,,,,,,,,,,
315,,,,,,,,,,,,,,
316,,,,,,,,,,,,,,
317,,,,,,,,,,,,,,
318,,,,,,,,,,,,,,
319,,,,,,,,,,,,,,
320,,,,,,,,,,,,,,
321,,,,,,,,,,,,,,
322,,,,,,,,,,,,,,
323,,,,,,,,,,,,,,
324,,,,,,,,,,,,,,
325,,,,,,,,,,,,,,
326,,,,,,,,,,,,,,
327,,,,,,,,,,,,,,
328,,,,,,,,,,,,,,
329,,,,,,,,,,,,,,
330,,,,,,,,,,,,,,
331,,,,,,,,,,,,,,
332,,,,,,,,,,,,,,
333,,,,,,,,,,,,,,
334,,,,,,,,,,,,,,
335,,,,,,,,,,,,,,
336,,,,,,,,,,,,,,
337,,,,,,,,,,,,,,
338,,,,,,,,,,,,,,
339,,,,,,,,,,,,,,
340,,,,,,,,,,,,,,
341,,,,,,,,,,,,,,
342,,,,,,,,,,,,,,
343,,,,,,,,,,,,,,
344,,,,,,,,,,,,,,
345,,,,,,,,,,,,,,
346,,,,,,,,,,,,,,
347,,,,,,,,,,,,,,
348,,,,,,,,,,,,,,
349,,,,,,,,,,,,,,
350,,,,,,,,,,,,,,
351,,,,,,,,,,,,,,
352,,,,,,,,,,,,,,
353,,,,,,,,,,,,,,
354,,,,,,,,,,,,,,
355,,,,,,,,,,,,,,
356,,,,,,,,,,,,,,
357,,,,,,,,,,,,,,
358,,,,,,,,,,,,,,
359,,,,,,,,,,,,,,
360,,,,,,,,,,,,,,
361,,,,,,,,,,,,,,
362,,,,,,,,,,,,,,
363,,,,,,,,,,,,,,
364,,,,,,,,,,,,,,
365,,,,,,,,,,,,,,
366,,,,,,,,,,,,,,
